<?xml version="1.0" encoding="ISO-8859-1" ?>
<?xml-stylesheet type="text/xsl" href="drcss.xsl"?>
<drcreport>
  <header>SF2_MSS</header>
  <drc>
    <status>C:\Microsemi\Libero_SoC_v11.7\Designer/data/drcreport\warn.png</status>
    <StatusMessage>Warning</StatusMessage>
    <message>Floating Driver</message>
    <detail>Floating output pin SF2_MSS_sb_0:INIT_DONE</detail>
    <crossprobe>liberoaction://cross_probe/smartdesign/SF2_MSS/pins/SF2_MSS_sb_0:INIT_DONE</crossprobe>
  </drc>
  <drc>
    <status>C:\Microsemi\Libero_SoC_v11.7\Designer/data/drcreport\warn.png</status>
    <StatusMessage>Warning</StatusMessage>
    <message>Floating Driver</message>
    <detail>Floating output pin SF2_MSS_sb_0:FAB_CCC_GL0</detail>
    <crossprobe>liberoaction://cross_probe/smartdesign/SF2_MSS/pins/SF2_MSS_sb_0:FAB_CCC_GL0</crossprobe>
  </drc>
  <drc>
    <status>C:\Microsemi\Libero_SoC_v11.7\Designer/data/drcreport\warn.png</status>
    <StatusMessage>Warning</StatusMessage>
    <message>Floating Driver</message>
    <detail>Floating output pin SF2_MSS_sb_0:FAB_CCC_LOCK</detail>
    <crossprobe>liberoaction://cross_probe/smartdesign/SF2_MSS/pins/SF2_MSS_sb_0:FAB_CCC_LOCK</crossprobe>
  </drc>
  <drc>
    <status>C:\Microsemi\Libero_SoC_v11.7\Designer/data/drcreport\warn.png</status>
    <StatusMessage>Warning</StatusMessage>
    <message>Floating Driver</message>
    <detail>Floating output pin SF2_MSS_sb_0:GPIO_0_M2F</detail>
    <crossprobe>liberoaction://cross_probe/smartdesign/SF2_MSS/pins/SF2_MSS_sb_0:GPIO_0_M2F</crossprobe>
  </drc>
</drcreport>
