<?xml version="1.0" encoding="ISO-8859-1" ?>
<?xml-stylesheet type="text/xsl" href="drcss.xsl"?>
<drcreport>
  <header>Top</header>
  <drc>
    <status>C:\Microsemi\Libero_SoC_v11.7\Designer/data/drcreport\error.png</status>
    <StatusMessage>Error</StatusMessage>
    <message>Incompatible with Libero version</message>
    <detail>OSC_0's core version is not supported by this version of the Libero SoC software.
To change the core version, select the core instance in the SmartDesign, right-click, and choose 'Replace Instance Version...'.</detail>
    <crossprobe>liberoaction://cross_probe/smartdesign/Top/instances/OSC_0</crossprobe>
  </drc>
</drcreport>
