<?xml version="1.0" encoding="UTF-8" standalone="no" ?>
<?xml-stylesheet href="rptstyle.xsl" type="text/xsl" ?>
<doc>
<title>Global Net Report</title>
<text>Microsemi Corporation - Microsemi Libero Software Release v11.7 (Version 11.7.0.119)</text>
<text>Date: Thu Feb 02 01:03:47 2017
</text>
<section>
<name>Global Nets Information</name>
<table>
<header>
 <cell/>
 <cell> From </cell>
 <cell> GB Location </cell>
 <cell> Net Name </cell>
 <cell> Fanout </cell>
</header>
<row>
 <cell>1</cell>
 <cell>GB[3] </cell>
 <cell>(509, 132)</cell>
 <cell>M2S_MSS_sb_0/M2S_MSS_sb_MSS_0/MSS_ADLIB_INST_RNI7K43/U0_YWn_GEast</cell>
 <cell>112</cell>
</row>
<row>
 <cell>2</cell>
 <cell>GB[6] </cell>
 <cell>(512, 132)</cell>
 <cell>M2S_MSS_sb_0/M2S_MSS_sb_MSS_0/FIC_2_APB_M_PCLK_inferred_clock_RNIVUHA/U0_YWn_GEast</cell>
 <cell>110</cell>
</row>
<row>
 <cell>3</cell>
 <cell>GB[2] </cell>
 <cell>(508, 132)</cell>
 <cell>M2S_MSS_sb_0/CCC_0/GL0_INST/U0_YWn</cell>
 <cell>42</cell>
</row>
<row>
 <cell>4</cell>
 <cell>GB[7] </cell>
 <cell>(513, 132)</cell>
 <cell>M2S_MSS_sb_0/FABOSC_0/I_RCOSC_25_50MHZ_FAB_CLKINT/U0_YWn</cell>
 <cell>36</cell>
</row>
<row>
 <cell>5</cell>
 <cell>GB[5] </cell>
 <cell>(511, 132)</cell>
 <cell>M2S_MSS_sb_0/CORERESETP_0/sdif0_areset_n_rcosc_RNIDB37/U0_YWn_GEast</cell>
 <cell>34</cell>
</row>
<row>
 <cell>6</cell>
 <cell>GB[1] </cell>
 <cell>(507, 132)</cell>
 <cell>M2S_MSS_sb_0/CORERESETP_0/sdif0_areset_n_clk_base_RNI7MR6/U0_YWn_GEast</cell>
 <cell>29</cell>
</row>
</table>
<text></text>
</section>
<section>
<name>I/O to GB Connections</name>
<text>(none)</text>
</section>
<section>
<name>Fabric to GB Connections</name>
<table>
<header>
 <cell/>
 <cell> From </cell>
 <cell> From Location </cell>
 <cell> To </cell>
 <cell> Net Name </cell>
 <cell> Net Type </cell>
 <cell> Fanout </cell>
</header>
<row>
 <cell>1</cell>
 <cell>M2S_MSS_sb_0/M2S_MSS_sb_MSS_0/MSS_ADLIB_INST/INST_MSS_075_IP:CONFIG_PRESET_N</cell>
 <cell>(924, 266)</cell>
 <cell>GB[3] </cell>
 <cell>M2S_MSS_sb_0/M2S_MSS_sb_MSS_0/CONFIG_PRESET_N</cell>
 <cell>ROUTED</cell>
 <cell>1</cell>
</row>
<row>
 <cell>2</cell>
 <cell>M2S_MSS_sb_0/M2S_MSS_sb_MSS_0/MSS_ADLIB_INST/INST_MSS_075_IP:CLK_CONFIG_APB</cell>
 <cell>(924, 266)</cell>
 <cell>GB[6] </cell>
 <cell>M2S_MSS_sb_0/M2S_MSS_sb_MSS_0/FIC_2_APB_M_PCLK</cell>
 <cell>ROUTED</cell>
 <cell>1</cell>
</row>
<row>
 <cell>3</cell>
 <cell>M2S_MSS_sb_0/FABOSC_0/I_RCOSC_25_50MHZ_FAB:CLKOUT</cell>
 <cell>(25, 254)</cell>
 <cell>GB[7] </cell>
 <cell>M2S_MSS_sb_0/FABOSC_0/N_RCOSC_25_50MHZ_CLKINT</cell>
 <cell>ROUTED</cell>
 <cell>1</cell>
</row>
<row>
 <cell>4</cell>
 <cell>M2S_MSS_sb_0/CORERESETP_0/sdif0_areset_n_rcosc:Q</cell>
 <cell>(508, 136)</cell>
 <cell>GB[5] </cell>
 <cell>M2S_MSS_sb_0/CORERESETP_0/sdif0_areset_n_rcosc</cell>
 <cell>ROUTED</cell>
 <cell>1</cell>
</row>
<row>
 <cell>5</cell>
 <cell>M2S_MSS_sb_0/CORERESETP_0/sdif0_areset_n_clk_base:Q</cell>
 <cell>(514, 130)</cell>
 <cell>GB[1] </cell>
 <cell>M2S_MSS_sb_0/CORERESETP_0/sdif0_areset_n_clk_base</cell>
 <cell>ROUTED</cell>
 <cell>1</cell>
</row>
</table>
<text></text>
</section>
<section>
<name>CCC to GB Connections</name>
<table>
<header>
 <cell/>
 <cell> From </cell>
 <cell> From Location </cell>
 <cell>Pin Swapped for Back Annotation Only</cell>
 <cell> To </cell>
 <cell> Net Name </cell>
 <cell> Net Type </cell>
 <cell> Fanout </cell>
</header>
<row>
 <cell>1</cell>
 <cell>M2S_MSS_sb_0/CCC_0/CCC_INST/INST_CCC_IP:GL0</cell>
 <cell>CCC-NW1 (18, 254)</cell>
 <cell>GL0 =&gt; GL2</cell>
 <cell>GB[2] </cell>
 <cell>M2S_MSS_sb_0/CCC_0/GL0_net</cell>
 <cell>HARDWIRED</cell>
 <cell>1</cell>
</row>
</table>
<text></text>
</section>
<section>
<name>CCC Input Connections</name>
<text>(none)</text>
</section>
<section>
<name>Local Clock Nets to RGB Connections</name>
<text>(none)</text>
</section>
<section>
<name>Global Clock Nets to RGB Connections</name>
<table>
<header>
 <cell/>
 <cell> From </cell>
 <cell> From Location </cell>
 <cell> Net Name </cell>
 <cell> Fanout </cell>
 <cell> </cell>
 <cell> RGB Location </cell>
 <cell> Local Fanout </cell>
</header>
<row>
 <cell>1</cell>
 <cell>GB[3] </cell>
 <cell>(509, 132)</cell>
 <cell>M2S_MSS_sb_0/M2S_MSS_sb_MSS_0/MSS_ADLIB_INST_RNI7K43/U0_YWn_GEast</cell>
 <cell>112</cell>
 <cell>1</cell>
 <cell>(771, 225)</cell>
 <cell>33</cell>
</row>
<row>
 <cell> </cell>
 <cell></cell>
 <cell></cell>
 <cell></cell>
 <cell></cell>
 <cell>2</cell>
 <cell>(771, 228)</cell>
 <cell>25</cell>
</row>
<row>
 <cell> </cell>
 <cell></cell>
 <cell></cell>
 <cell></cell>
 <cell></cell>
 <cell>3</cell>
 <cell>(771, 231)</cell>
 <cell>23</cell>
</row>
<row>
 <cell> </cell>
 <cell></cell>
 <cell></cell>
 <cell></cell>
 <cell></cell>
 <cell>4</cell>
 <cell>(771, 258)</cell>
 <cell>4</cell>
</row>
<row>
 <cell> </cell>
 <cell></cell>
 <cell></cell>
 <cell></cell>
 <cell></cell>
 <cell>5</cell>
 <cell>(772, 222)</cell>
 <cell>23</cell>
</row>
<row>
 <cell> </cell>
 <cell></cell>
 <cell></cell>
 <cell></cell>
 <cell></cell>
 <cell>6</cell>
 <cell>(772, 261)</cell>
 <cell>3</cell>
</row>
<row>
 <cell> </cell>
 <cell></cell>
 <cell></cell>
 <cell></cell>
 <cell></cell>
 <cell>7</cell>
 <cell>(772, 264)</cell>
 <cell>1</cell>
</row>
<row>
 <cell>2</cell>
 <cell>GB[6] </cell>
 <cell>(512, 132)</cell>
 <cell>M2S_MSS_sb_0/M2S_MSS_sb_MSS_0/FIC_2_APB_M_PCLK_inferred_clock_RNIVUHA/U0_YWn_GEast</cell>
 <cell>110</cell>
 <cell>1</cell>
 <cell>(770, 225)</cell>
 <cell>33</cell>
</row>
<row>
 <cell> </cell>
 <cell></cell>
 <cell></cell>
 <cell></cell>
 <cell></cell>
 <cell>2</cell>
 <cell>(770, 228)</cell>
 <cell>25</cell>
</row>
<row>
 <cell> </cell>
 <cell></cell>
 <cell></cell>
 <cell></cell>
 <cell></cell>
 <cell>3</cell>
 <cell>(770, 231)</cell>
 <cell>23</cell>
</row>
<row>
 <cell> </cell>
 <cell></cell>
 <cell></cell>
 <cell></cell>
 <cell></cell>
 <cell>4</cell>
 <cell>(770, 258)</cell>
 <cell>4</cell>
</row>
<row>
 <cell> </cell>
 <cell></cell>
 <cell></cell>
 <cell></cell>
 <cell></cell>
 <cell>5</cell>
 <cell>(771, 222)</cell>
 <cell>21</cell>
</row>
<row>
 <cell> </cell>
 <cell></cell>
 <cell></cell>
 <cell></cell>
 <cell></cell>
 <cell>6</cell>
 <cell>(771, 261)</cell>
 <cell>3</cell>
</row>
<row>
 <cell> </cell>
 <cell></cell>
 <cell></cell>
 <cell></cell>
 <cell></cell>
 <cell>7</cell>
 <cell>(771, 264)</cell>
 <cell>1</cell>
</row>
<row>
 <cell>3</cell>
 <cell>GB[2] </cell>
 <cell>(508, 132)</cell>
 <cell>M2S_MSS_sb_0/CCC_0/GL0_INST/U0_YWn</cell>
 <cell>42</cell>
 <cell>1</cell>
 <cell>(254, 129)</cell>
 <cell>1</cell>
</row>
<row>
 <cell> </cell>
 <cell></cell>
 <cell></cell>
 <cell></cell>
 <cell></cell>
 <cell>2</cell>
 <cell>(254, 135)</cell>
 <cell>1</cell>
</row>
<row>
 <cell> </cell>
 <cell></cell>
 <cell></cell>
 <cell></cell>
 <cell></cell>
 <cell>3</cell>
 <cell>(770, 63)</cell>
 <cell>1</cell>
</row>
<row>
 <cell> </cell>
 <cell></cell>
 <cell></cell>
 <cell></cell>
 <cell></cell>
 <cell>4</cell>
 <cell>(770, 177)</cell>
 <cell>2</cell>
</row>
<row>
 <cell> </cell>
 <cell></cell>
 <cell></cell>
 <cell></cell>
 <cell></cell>
 <cell>5</cell>
 <cell>(770, 222)</cell>
 <cell>5</cell>
</row>
<row>
 <cell> </cell>
 <cell></cell>
 <cell></cell>
 <cell></cell>
 <cell></cell>
 <cell>6</cell>
 <cell>(770, 261)</cell>
 <cell>2</cell>
</row>
<row>
 <cell> </cell>
 <cell></cell>
 <cell></cell>
 <cell></cell>
 <cell></cell>
 <cell>7</cell>
 <cell>(770, 264)</cell>
 <cell>1</cell>
</row>
<row>
 <cell> </cell>
 <cell></cell>
 <cell></cell>
 <cell></cell>
 <cell></cell>
 <cell>8</cell>
 <cell>(771, 174)</cell>
 <cell>13</cell>
</row>
<row>
 <cell> </cell>
 <cell></cell>
 <cell></cell>
 <cell></cell>
 <cell></cell>
 <cell>9</cell>
 <cell>(771, 180)</cell>
 <cell>12</cell>
</row>
<row>
 <cell> </cell>
 <cell></cell>
 <cell></cell>
 <cell></cell>
 <cell></cell>
 <cell>10</cell>
 <cell>(771, 183)</cell>
 <cell>4</cell>
</row>
<row>
 <cell>4</cell>
 <cell>GB[7] </cell>
 <cell>(513, 132)</cell>
 <cell>M2S_MSS_sb_0/FABOSC_0/I_RCOSC_25_50MHZ_FAB_CLKINT/U0_YWn</cell>
 <cell>36</cell>
 <cell>1</cell>
 <cell>(255, 135)</cell>
 <cell>2</cell>
</row>
<row>
 <cell> </cell>
 <cell></cell>
 <cell></cell>
 <cell></cell>
 <cell></cell>
 <cell>2</cell>
 <cell>(772, 177)</cell>
 <cell>17</cell>
</row>
<row>
 <cell> </cell>
 <cell></cell>
 <cell></cell>
 <cell></cell>
 <cell></cell>
 <cell>3</cell>
 <cell>(773, 174)</cell>
 <cell>17</cell>
</row>
<row>
 <cell>5</cell>
 <cell>GB[5] </cell>
 <cell>(511, 132)</cell>
 <cell>M2S_MSS_sb_0/CORERESETP_0/sdif0_areset_n_rcosc_RNIDB37/U0_YWn_GEast</cell>
 <cell>34</cell>
 <cell>1</cell>
 <cell>(771, 177)</cell>
 <cell>17</cell>
</row>
<row>
 <cell> </cell>
 <cell></cell>
 <cell></cell>
 <cell></cell>
 <cell></cell>
 <cell>2</cell>
 <cell>(772, 174)</cell>
 <cell>17</cell>
</row>
<row>
 <cell>6</cell>
 <cell>GB[1] </cell>
 <cell>(507, 132)</cell>
 <cell>M2S_MSS_sb_0/CORERESETP_0/sdif0_areset_n_clk_base_RNI7MR6/U0_YWn_GEast</cell>
 <cell>29</cell>
 <cell>1</cell>
 <cell>(770, 174)</cell>
 <cell>13</cell>
</row>
<row>
 <cell> </cell>
 <cell></cell>
 <cell></cell>
 <cell></cell>
 <cell></cell>
 <cell>2</cell>
 <cell>(770, 180)</cell>
 <cell>12</cell>
</row>
<row>
 <cell> </cell>
 <cell></cell>
 <cell></cell>
 <cell></cell>
 <cell></cell>
 <cell>3</cell>
 <cell>(770, 183)</cell>
 <cell>4</cell>
</row>
</table>
<text></text>
</section>
</doc>
