<?xml version="1.0" encoding="ISO-8859-1" ?>
<?xml-stylesheet type="text/xsl" href="drcss.xsl"?>
<drcreport>
  <header>my_system</header>
  <drc>
    <status>C:\Microsemi\Libero_SoC_v11.7\Designer/data/drcreport\warn.png</status>
    <StatusMessage>Warning</StatusMessage>
    <message>Floating Driver</message>
    <detail>Floating output pin my_system_sb_0:TX_0</detail>
    <crossprobe>liberoaction://cross_probe/smartdesign/my_system/pins/my_system_sb_0:TX_0</crossprobe>
  </drc>
</drcreport>
